{
  "name": "angular-spotify",
  "version": "1.2.1",
  "authors": [
    "Ed Moore <eddie.moore@gmail.com>"
  ],
  "description": "Angular Service to connect with Spotify Web API",
  "keywords": [
    "spotify",
    "angular",
    "angularjs"
  ],
  "license": "MIT",
  "homepage": "http://github.com/eddiemoore/angular-spotify",
  "ignore": [
    "**/.*",
    "node_modules",
    "bower_components",
    "test",
    "tests"
  ],
  "main": "./dist/angular-spotify.min.js",
  "dependencies": {
    "angular": "~1.2"
  },
  "devDependencies": {
    "angular-mocks": "~1.2",
    "angular-scenario": "~1.2"
  },
  "_release": "1.2.1",
  "_resolution": {
    "type": "version",
    "tag": "v1.2.1",
    "commit": "78795484b1aac342a38078b1f53576a3a77d8da8"
  },
  "_source": "git://github.com/eddiemoore/angular-spotify.git",
  "_target": "~1.2.1",
  "_originalSource": "angular-spotify",
  "_direct": true
}