{
  "name": "ionic-zoom-view",
  "version": "2.0.0",
  "homepage": "https://github.com/AlexDisler/ionic-zoom-view",
  "authors": [
    "Alex Disler <alexdisler@gmail.com>"
  ],
  "description": "When a user taps an image, open a modal to let him zoom in/out",
  "main": "dist/ionic-zoom-view.js",
  "keywords": [
    "ionic",
    "cordova",
    "angular",
    "image",
    "zoom"
  ],
  "license": "MIT",
  "ignore": [
    "**/.*",
    "node_modules",
    "bower_components",
    "test",
    "tests"
  ],
  "_release": "2.0.0",
  "_resolution": {
    "type": "version",
    "tag": "v2.0.0",
    "commit": "5073128a9d9d4fc89b8541d77199cd57cf55c727"
  },
  "_source": "https://github.com/AlexDisler/ionic-zoom-view.git",
  "_target": "~2.0.0",
  "_originalSource": "ionic-zoom-view",
  "_direct": true
}