{
  "name": "angular-filter",
  "main": [
    "./dist/angular-filter.min.js"
  ],
  "description": "Bunch of useful filters for angularJS(with no external dependencies!)",
  "repository": {
    "type": "git",
    "url": "https://github.com/a8m/angular-filter.git"
  },
  "dependencies": {
    "angular": "*"
  },
  "devDependencies": {
    "angular-mocks": "*"
  },
  "ignore": [
    "node_modules",
    "bower_components",
    "package.json",
    "lib",
    "test",
    "src",
    "Gruntfile.js",
    ".gitignore",
    "README.md",
    "travis.yml",
    ".bowercc"
  ],
  "homepage": "https://github.com/a8m/angular-filter",
  "version": "0.5.8",
  "_release": "0.5.8",
  "_resolution": {
    "type": "version",
    "tag": "v0.5.8",
    "commit": "eadb09d9fd168f67d4b2129771f64b8202ff8e30"
  },
  "_source": "https://github.com/a8m/angular-filter.git",
  "_target": "~0.5.8",
  "_originalSource": "angular-filter",
  "_direct": true
}